index	x	y	z
1	0.000000	1.180000	0.140000
2	0.051764	1.180000	0.131822
3	0.100000	1.180000	0.107846
4	0.141421	1.180000	0.069706
5	0.173205	1.180000	0.020000
6	0.193185	1.180000	-0.037883
7	0.200000	1.180000	-0.100000
8	0.193185	1.180000	-0.162117
9	0.173205	1.180000	-0.220000
10	0.141421	1.180000	-0.269706
11	0.100000	1.180000	-0.307846
12	0.051764	1.180000	-0.331822
13	0.000000	1.180000	-0.340000
14	-0.051764	1.180000	-0.331822
15	-0.100000	1.180000	-0.307846
16	-0.141421	1.180000	-0.269706
17	-0.173205	1.180000	-0.220000
18	-0.193185	1.180000	-0.162117
19	-0.200000	1.180000	-0.100000
20	-0.193185	1.180000	-0.037883
21	-0.173205	1.180000	0.020000
22	-0.141421	1.180000	0.069706
23	-0.100000	1.180000	0.107846
24	-0.051764	1.180000	0.131822
25	0.000000	1.080000	0.500000
26	0.134586	1.080000	0.481600
27	0.260000	1.080000	0.427654
28	0.367696	1.080000	0.341838
29	0.450333	1.080000	0.230000
30	0.502281	1.080000	0.099762
31	0.520000	1.080000	-0.040000
32	0.502281	1.080000	-0.179762
33	0.450333	1.080000	-0.310000
34	0.367696	1.080000	-0.421838
35	0.260000	1.080000	-0.507654
36	0.134586	1.080000	-0.561600
37	0.000000	1.080000	-0.580000
38	-0.134586	1.080000	-0.561600
39	-0.260000	1.080000	-0.507654
40	-0.367696	1.080000	-0.421838
41	-0.450333	1.080000	-0.310000
42	-0.502281	1.080000	-0.179762
43	-0.520000	1.080000	-0.040000
44	-0.502281	1.080000	0.099762
45	-0.450333	1.080000	0.230000
46	-0.367696	1.080000	0.341838
47	-0.260000	1.080000	0.427654
48	-0.134586	1.080000	0.481600
49	0.000000	0.820000	0.680000
50	0.178585	0.820000	0.656830
51	0.345000	0.820000	0.588897
52	0.487904	0.820000	0.480833
53	0.597558	0.820000	0.340000
54	0.666489	0.820000	0.175997
55	0.690000	0.820000	0.000000
56	0.666489	0.820000	-0.175997
57	0.597558	0.820000	-0.340000
58	0.487904	0.820000	-0.480833
59	0.345000	0.820000	-0.588897
60	0.178585	0.820000	-0.656830
61	0.000000	0.820000	-0.680000
62	-0.178585	0.820000	-0.656830
63	-0.345000	0.820000	-0.588897
64	-0.487904	0.820000	-0.480833
65	-0.597558	0.820000	-0.340000
66	-0.666489	0.820000	-0.175997
67	-0.690000	0.820000	-0.000000
68	-0.666489	0.820000	0.175997
69	-0.597558	0.820000	0.340000
70	-0.487904	0.820000	0.480833
71	-0.345000	0.820000	0.588897
72	-0.178585	0.820000	0.656830
73	0.000000	0.520000	0.760000
74	0.199291	0.520000	0.734785
75	0.385000	0.520000	0.660859
76	0.544472	0.520000	0.543259
77	0.666840	0.520000	0.390000
78	0.743763	0.520000	0.211526
79	0.770000	0.520000	0.020000
80	0.743763	0.520000	-0.171526
81	0.666840	0.520000	-0.350000
82	0.544472	0.520000	-0.503259
83	0.385000	0.520000	-0.620859
84	0.199291	0.520000	-0.694785
85	0.000000	0.520000	-0.720000
86	-0.199291	0.520000	-0.694785
87	-0.385000	0.520000	-0.620859
88	-0.544472	0.520000	-0.503259
89	-0.666840	0.520000	-0.350000
90	-0.743763	0.520000	-0.171526
91	-0.770000	0.520000	0.020000
92	-0.743763	0.520000	0.211526
93	-0.666840	0.520000	0.390000
94	-0.544472	0.520000	0.543259
95	-0.385000	0.520000	0.660859
96	-0.199291	0.520000	0.734785
97	0.000000	0.240000	0.830000
98	0.214820	0.240000	0.803081
99	0.415000	0.240000	0.724160
100	0.586899	0.240000	0.598614
101	0.718801	0.240000	0.435000
102	0.801718	0.240000	0.244467
103	0.830000	0.240000	0.040000
104	0.801718	0.240000	-0.164467
105	0.718801	0.240000	-0.355000
106	0.586899	0.240000	-0.518614
107	0.415000	0.240000	-0.644160
108	0.214820	0.240000	-0.723081
109	0.000000	0.240000	-0.750000
110	-0.214820	0.240000	-0.723081
111	-0.415000	0.240000	-0.644160
112	-0.586899	0.240000	-0.518614
113	-0.718801	0.240000	-0.355000
114	-0.801718	0.240000	-0.164467
115	-0.830000	0.240000	0.040000
116	-0.801718	0.240000	0.244467
117	-0.718801	0.240000	0.435000
118	-0.586899	0.240000	0.598614
119	-0.415000	0.240000	0.724160
120	-0.214820	0.240000	0.803081
121	0.000000	0.000000	0.910000
122	0.243290	0.000000	0.881378
123	0.470000	0.000000	0.797461
124	0.664680	0.000000	0.663970
125	0.814064	0.000000	0.490000
126	0.907970	0.000000	0.287408
127	0.940000	0.000000	0.070000
128	0.907970	0.000000	-0.147408
129	0.814064	0.000000	-0.350000
130	0.664680	0.000000	-0.523970
131	0.470000	0.000000	-0.657461
132	0.243290	0.000000	-0.741378
133	0.000000	0.000000	-0.770000
134	-0.243290	0.000000	-0.741378
135	-0.470000	0.000000	-0.657461
136	-0.664680	0.000000	-0.523970
137	-0.814064	0.000000	-0.350000
138	-0.907970	0.000000	-0.147408
139	-0.940000	0.000000	0.070000
140	-0.907970	0.000000	0.287408
141	-0.814064	0.000000	0.490000
142	-0.664680	0.000000	0.663970
143	-0.470000	0.000000	0.797461
144	-0.243290	0.000000	0.881378
145	0.000000	-0.270000	0.950000
146	0.253643	-0.270000	0.920696
147	0.490000	-0.270000	0.834782
148	0.692965	-0.270000	0.698112
149	0.848705	-0.270000	0.520000
150	0.946607	-0.270000	0.312584
151	0.980000	-0.270000	0.090000
152	0.946607	-0.270000	-0.132584
153	0.848705	-0.270000	-0.340000
154	0.692965	-0.270000	-0.518112
155	0.490000	-0.270000	-0.654782
156	0.253643	-0.270000	-0.740696
157	0.000000	-0.270000	-0.770000
158	-0.253643	-0.270000	-0.740696
159	-0.490000	-0.270000	-0.654782
160	-0.692965	-0.270000	-0.518112
161	-0.848705	-0.270000	-0.340000
162	-0.946607	-0.270000	-0.132584
163	-0.980000	-0.270000	0.090000
164	-0.946607	-0.270000	0.312584
165	-0.848705	-0.270000	0.520000
166	-0.692965	-0.270000	0.698112
167	-0.490000	-0.270000	0.834782
168	-0.253643	-0.270000	0.920696
169	0.000000	-0.500000	0.910000
170	0.238114	-0.500000	0.882400
171	0.460000	-0.500000	0.801481
172	0.650538	-0.500000	0.672756
173	0.796743	-0.500000	0.505000
174	0.888652	-0.500000	0.309643
175	0.920000	-0.500000	0.100000
176	0.888652	-0.500000	-0.109643
177	0.796743	-0.500000	-0.305000
178	0.650538	-0.500000	-0.472756
179	0.460000	-0.500000	-0.601481
180	0.238114	-0.500000	-0.682400
181	0.000000	-0.500000	-0.710000
182	-0.238114	-0.500000	-0.682400
183	-0.460000	-0.500000	-0.601481
184	-0.650538	-0.500000	-0.472756
185	-0.796743	-0.500000	-0.305000
186	-0.888652	-0.500000	-0.109643
187	-0.920000	-0.500000	0.100000
188	-0.888652	-0.500000	0.309643
189	-0.796743	-0.500000	0.505000
190	-0.650538	-0.500000	0.672756
191	-0.460000	-0.500000	0.801481
192	-0.238114	-0.500000	0.882400
193	0.000000	-0.720000	0.820000
194	0.222584	-0.720000	0.794785
195	0.430000	-0.720000	0.720859
196	0.608112	-0.720000	0.603259
197	0.744782	-0.720000	0.450000
198	0.830696	-0.720000	0.271526
199	0.860000	-0.720000	0.080000
200	0.830696	-0.720000	-0.111526
201	0.744782	-0.720000	-0.290000
202	0.608112	-0.720000	-0.443259
203	0.430000	-0.720000	-0.560859
204	0.222584	-0.720000	-0.634785
205	0.000000	-0.720000	-0.660000
206	-0.222584	-0.720000	-0.634785
207	-0.430000	-0.720000	-0.560859
208	-0.608112	-0.720000	-0.443259
209	-0.744782	-0.720000	-0.290000
210	-0.830696	-0.720000	-0.111526
211	-0.860000	-0.720000	0.080000
212	-0.830696	-0.720000	0.271526
213	-0.744782	-0.720000	0.450000
214	-0.608112	-0.720000	0.603259
215	-0.430000	-0.720000	0.720859
216	-0.222584	-0.720000	0.794785
217	0.000000	-0.900000	0.690000
218	0.186350	-0.900000	0.667852
219	0.360000	-0.900000	0.602917
220	0.509117	-0.900000	0.499619
221	0.623538	-0.900000	0.365000
222	0.695467	-0.900000	0.208232
223	0.720000	-0.900000	0.040000
224	0.695467	-0.900000	-0.128232
225	0.623538	-0.900000	-0.285000
226	0.509117	-0.900000	-0.419619
227	0.360000	-0.900000	-0.522917
228	0.186350	-0.900000	-0.587852
229	0.000000	-0.900000	-0.610000
230	-0.186350	-0.900000	-0.587852
231	-0.360000	-0.900000	-0.522917
232	-0.509117	-0.900000	-0.419619
233	-0.623538	-0.900000	-0.285000
234	-0.695467	-0.900000	-0.128232
235	-0.720000	-0.900000	0.040000
236	-0.695467	-0.900000	0.208232
237	-0.623538	-0.900000	0.365000
238	-0.509117	-0.900000	0.499619
239	-0.360000	-0.900000	0.602917
240	-0.186350	-0.900000	0.667852
241	0.000000	-1.020000	0.580000
242	0.129410	-1.020000	0.560918
243	0.250000	-1.020000	0.504974
244	0.353553	-1.020000	0.415980
245	0.433013	-1.020000	0.300000
246	0.482963	-1.020000	0.164939
247	0.500000	-1.020000	0.020000
248	0.482963	-1.020000	-0.124939
249	0.433013	-1.020000	-0.260000
250	0.353553	-1.020000	-0.375980
251	0.250000	-1.020000	-0.464974
252	0.129410	-1.020000	-0.520918
253	0.000000	-1.020000	-0.540000
254	-0.129410	-1.020000	-0.520918
255	-0.250000	-1.020000	-0.464974
256	-0.353553	-1.020000	-0.375980
257	-0.433013	-1.020000	-0.260000
258	-0.482963	-1.020000	-0.124939
259	-0.500000	-1.020000	0.020000
260	-0.482963	-1.020000	0.164939
261	-0.433013	-1.020000	0.300000
262	-0.353553	-1.020000	0.415980
263	-0.250000	-1.020000	0.504974
264	-0.129410	-1.020000	0.560918
265	-0.085000	0.220000	0.877582
266	-0.089515	0.250239	0.867434
267	-0.102888	0.279316	0.857484
268	-0.124605	0.306113	0.845971
269	-0.153830	0.329602	0.832684
270	-0.189441	0.348878	0.817342
271	-0.230069	0.363201	0.799705
272	-0.274154	0.372022	0.779692
273	-0.320000	0.375000	0.757488
274	-0.365846	0.372022	0.733640
275	-0.409931	0.363201	0.709106
276	-0.450559	0.348878	0.685270
277	-0.486170	0.329602	0.663879
278	-0.515395	0.306113	0.646888
279	-0.537112	0.279316	0.636197
280	-0.550485	0.250239	0.633299
281	-0.555000	0.220000	0.643172
282	-0.550485	0.189761	0.663143
283	-0.537112	0.160684	0.689257
284	-0.515395	0.133887	0.719349
285	-0.486170	0.110398	0.751195
286	-0.450559	0.091122	0.782757
287	-0.409931	0.076799	0.812326
288	-0.365846	0.067978	0.838575
289	-0.320000	0.065000	0.860574
290	-0.274154	0.067978	0.877773
291	-0.230069	0.076799	0.889971
292	-0.189441	0.091122	0.897270
293	-0.153830	0.110398	0.900030
294	-0.124605	0.133887	0.898793
295	-0.102888	0.160684	0.894208
296	-0.089515	0.189761	0.886942
297	-0.570000	0.400000	0.594861
298	-0.536667	0.411435	0.621978
299	-0.503333	0.422371	0.646234
300	-0.470000	0.432328	0.668125
301	-0.436667	0.440873	0.688035
302	-0.403333	0.447631	0.706259
303	-0.370000	0.452308	0.723022
304	-0.336667	0.454699	0.738491
305	-0.303333	0.454699	0.752785
306	-0.270000	0.452308	0.765977
307	-0.236667	0.447631	0.778105
308	-0.203333	0.440873	0.789174
309	-0.170000	0.432328	0.799159
310	-0.136667	0.422371	0.808014
311	-0.103333	0.411435	0.815671
312	-0.070000	0.400000	0.822048
313	0.555000	0.220000	0.683172
314	0.550485	0.250239	0.672531
315	0.537112	0.279316	0.673152
316	0.515395	0.306113	0.680147
317	0.486170	0.329602	0.692163
318	0.450559	0.348878	0.707493
319	0.409931	0.363201	0.724414
320	0.365846	0.372022	0.741443
321	0.320000	0.375000	0.757488
322	0.274154	0.372022	0.771888
323	0.230069	0.363201	0.784398
324	0.189441	0.348878	0.795119
325	0.153830	0.329602	0.804399
326	0.124605	0.306113	0.812712
327	0.102888	0.279316	0.820529
328	0.089515	0.250239	0.828203
329	0.085000	0.220000	0.837582
330	0.089515	0.189761	0.847711
331	0.102888	0.160684	0.857253
332	0.124605	0.133887	0.865534
333	0.153830	0.110398	0.871745
334	0.189441	0.091122	0.875047
335	0.230069	0.076799	0.874663
336	0.274154	0.067978	0.869970
337	0.320000	0.065000	0.860574
338	0.365846	0.067978	0.846378
339	0.409931	0.076799	0.827633
340	0.450559	0.091122	0.804980
341	0.486170	0.110398	0.779479
342	0.515395	0.133887	0.752608
343	0.537112	0.160684	0.726212
344	0.550485	0.189761	0.702374
345	0.070000	0.400000	0.822048
346	0.103333	0.411435	0.815671
347	0.136667	0.422371	0.808014
348	0.170000	0.432328	0.799159
349	0.203333	0.440873	0.789174
350	0.236667	0.447631	0.778105
351	0.270000	0.452308	0.765977
352	0.303333	0.454699	0.752785
353	0.336667	0.454699	0.738491
354	0.370000	0.452308	0.723022
355	0.403333	0.447631	0.706259
356	0.436667	0.440873	0.688035
357	0.470000	0.432328	0.668125
358	0.503333	0.422371	0.646234
359	0.536667	0.411435	0.621978
360	0.570000	0.400000	0.594861
361	0.340000	-0.490000	0.927578
362	0.333467	-0.469516	0.933405
363	0.314119	-0.449818	0.942442
364	0.282700	-0.431665	0.953482
365	0.240416	-0.415754	0.964947
366	0.188894	-0.402696	0.975163
367	0.130112	-0.392993	0.982611
368	0.066331	-0.387018	0.986122
369	0.000000	-0.385000	0.985000
370	-0.066331	-0.387018	0.979098
371	-0.130112	-0.392993	0.968835
372	-0.188894	-0.402696	0.955162
373	-0.240416	-0.415754	0.939491
374	-0.282700	-0.431665	0.923549
375	-0.314119	-0.449818	0.909183
376	-0.333467	-0.469516	0.898097
377	-0.340000	-0.490000	0.891578
378	-0.333467	-0.510484	0.887847
379	-0.314119	-0.530182	0.887023
380	-0.282700	-0.548335	0.890660
381	-0.240416	-0.564246	0.897458
382	-0.188894	-0.577304	0.905839
383	-0.130112	-0.587007	0.914230
384	-0.066331	-0.592982	0.921302
385	-0.000000	-0.595000	0.926136
386	0.066331	-0.592982	0.928325
387	0.130112	-0.587007	0.928007
388	0.188894	-0.577304	0.925840
389	0.240416	-0.564246	0.922914
390	0.282700	-0.548335	0.920593
391	0.314119	-0.530182	0.920283
392	0.333467	-0.510484	0.923155
393	0.000000	0.440000	0.810000
394	0.000000	0.270000	0.902500
395	0.000000	0.080000	1.063333
396	0.000000	-0.120000	1.247778
397	0.000000	-0.230000	1.064074
398	0.170000	-0.180000	1.038367
399	0.165738	-0.157748	1.034919
400	0.153165	-0.136612	1.031384
401	0.132911	-0.117651	1.027667
402	0.105993	-0.101817	1.023553
403	0.073760	-0.089903	1.018797
404	0.037829	-0.082507	1.013231
405	0.000000	-0.080000	1.006852
406	-0.037829	-0.082507	0.999880
407	-0.073760	-0.089903	0.992764
408	-0.105993	-0.101817	0.986144
409	-0.132911	-0.117651	0.980757
410	-0.153165	-0.136612	0.977325
411	-0.165738	-0.157748	0.976424
412	-0.170000	-0.180000	0.978367
413	-0.165738	-0.202252	0.983142
414	-0.153165	-0.223388	0.990389
415	-0.132911	-0.242349	0.999454
416	-0.105993	-0.258183	1.009487
417	-0.073760	-0.270097	1.019527
418	-0.037829	-0.277493	1.026379
419	-0.000000	-0.280000	1.033261
420	0.037829	-0.277493	1.039730
421	0.073760	-0.270097	1.045560
422	0.105993	-0.258183	1.046896
423	0.132911	-0.242349	1.046364
424	0.153165	-0.223388	1.044447
425	0.165738	-0.202252	1.041637
426	-0.140000	-0.220000	0.958675
427	-0.153846	-0.240000	0.959822
428	-0.167692	-0.260000	0.960807
429	-0.181538	-0.280000	0.958334
430	-0.195385	-0.300000	0.952368
431	-0.209231	-0.320000	0.946188
432	-0.223077	-0.340000	0.939787
433	-0.236923	-0.360000	0.933159
434	-0.250769	-0.380000	0.926298
435	-0.264615	-0.400000	0.919196
436	-0.278462	-0.420000	0.911846
437	-0.292308	-0.440000	0.904239
438	-0.306154	-0.460000	0.896367
439	-0.320000	-0.480000	0.888220
440	-0.762485	-0.322487	0.633573
441	-0.774970	-0.303935	0.625322
442	-0.786011	-0.284738	0.618711
443	-0.795562	-0.264978	0.610859
444	-0.803584	-0.244736	0.595423
445	-0.810041	-0.224098	0.581373
446	-0.814908	-0.203150	0.568948
447	-0.818164	-0.181979	0.558378
448	-0.819796	-0.160675	0.549865
449	-0.819796	-0.139325	0.543577
450	-0.818164	-0.118021	0.539632
451	-0.814908	-0.096850	0.538089
452	-0.810041	-0.075902	0.538947
453	-0.803584	-0.055264	0.542142
454	-0.795562	-0.035022	0.547553
455	-0.786011	-0.015262	0.555013
456	-0.774970	0.003935	0.562504
457	-0.762485	0.022487	0.565118
458	0.140000	-0.220000	0.958675
459	0.153846	-0.240000	0.959822
460	0.167692	-0.260000	0.960807
461	0.181538	-0.280000	0.958334
462	0.195385	-0.300000	0.952368
463	0.209231	-0.320000	0.946188
464	0.223077	-0.340000	0.939787
465	0.236923	-0.360000	0.933159
466	0.250769	-0.380000	0.926298
467	0.264615	-0.400000	0.919196
468	0.278462	-0.420000	0.911846
469	0.292308	-0.440000	0.904239
470	0.306154	-0.460000	0.896367
471	0.320000	-0.480000	0.888220
472	0.762485	-0.322487	0.633573
473	0.774970	-0.303935	0.625322
474	0.786011	-0.284738	0.618711
475	0.795562	-0.264978	0.610859
476	0.803584	-0.244736	0.595423
477	0.810041	-0.224098	0.581373
478	0.814908	-0.203150	0.568948
479	0.818164	-0.181979	0.558378
480	0.819796	-0.160675	0.549865
481	0.819796	-0.139325	0.543577
482	0.818164	-0.118021	0.539632
483	0.814908	-0.096850	0.538089
484	0.810041	-0.075902	0.538947
485	0.803584	-0.055264	0.542142
486	0.795562	-0.035022	0.547553
487	0.786011	-0.015262	0.555013
488	0.774970	0.003935	0.562504
489	0.762485	0.022487	0.565118
490	-0.720000	-0.800000	0.373695
491	-0.675000	-0.819622	0.417017
492	-0.630000	-0.838474	0.452859
493	-0.585000	-0.856535	0.483292
494	-0.540000	-0.873780	0.509493
495	-0.495000	-0.890184	0.532194
496	-0.450000	-0.905716	0.548276
497	-0.405000	-0.920343	0.557599
498	-0.360000	-0.934025	0.566929
499	-0.315000	-0.946716	0.576000
500	-0.270000	-0.958363	0.584529
501	-0.225000	-0.968898	0.592210
502	-0.180000	-0.978236	0.598728
503	-0.135000	-0.986265	0.603777
504	-0.090000	-0.992821	0.607086
505	-0.045000	-0.997632	0.608506
506	0.000000	-1.000000	0.608333
507	0.045000	-0.997632	0.608506
508	0.090000	-0.992821	0.607086
509	0.135000	-0.986265	0.603777
510	0.180000	-0.978236	0.598728
511	0.225000	-0.968898	0.592210
512	0.270000	-0.958363	0.584529
513	0.315000	-0.946716	0.576000
514	0.360000	-0.934025	0.566929
515	0.405000	-0.920343	0.557599
516	0.450000	-0.905716	0.548276
517	0.495000	-0.890184	0.532194
518	0.540000	-0.873780	0.509493
519	0.585000	-0.856535	0.483292
520	0.630000	-0.838474	0.452859
521	0.675000	-0.819622	0.417017
522	0.720000	-0.800000	0.373695
523	-0.300000	-0.690000	0.801101
524	-0.270000	-0.691958	0.809287
525	-0.240000	-0.697639	0.814890
526	-0.210000	-0.706489	0.818191
527	-0.180000	-0.717639	0.819584
528	-0.150000	-0.730000	0.816303
529	-0.120000	-0.742361	0.811422
530	-0.090000	-0.753511	0.806573
531	-0.060000	-0.762361	0.802512
532	-0.030000	-0.768042	0.799827
533	0.000000	-0.770000	0.798889
534	0.030000	-0.768042	0.799827
535	0.060000	-0.762361	0.802512
536	0.090000	-0.753511	0.806573
537	0.120000	-0.742361	0.811422
538	0.150000	-0.730000	0.816303
539	0.180000	-0.717639	0.819584
540	0.210000	-0.706489	0.818191
541	0.240000	-0.697639	0.814890
542	0.270000	-0.691958	0.809287
543	0.300000	-0.690000	0.801101
544	0.000000	1.180000	0.140000
545	0.000000	1.080000	0.500000
546	0.000000	0.820000	0.680000
547	0.000000	0.520000	0.760000
548	0.000000	0.240000	0.830000
549	0.000000	0.000000	0.910000
550	0.000000	-0.270000	0.950000
551	0.000000	-0.500000	0.910000
552	0.000000	-0.720000	0.820000
553	0.000000	-0.900000	0.690000
554	0.000000	-1.020000	0.580000
