metric	value
base_vertices	264.000000000
base_quads	240.000000000
boundary_edges	48.0000000000
interior_edges	456.000000000
nonmanifold_edges	0.00000000000
symmetry_max_error	8.61764809305e-16
triangulation_A_area	11.8760522295
triangulation_B_area	11.8760522295
triangulation_total_area_relative_delta	4.48724072211e-16
triangulation_worst_quad_area_relative_delta	0.00105308771105
triangulation_A_min_angle_deg	7.73360135505
triangulation_A_mean_min_angle_deg	35.7069014445
triangulation_B_min_angle_deg	7.73360135505
triangulation_B_mean_min_angle_deg	35.7069014445
refine_1_area	11.8760522295
refine_1_vertices	264.000000000
refine_1_quads	240.000000000
refine_2_area	11.9151317110
refine_2_vertices	1008.00000000
refine_2_quads	960.000000000
refine_2_relative_area_change	0.00327981951948
refine_4_area	11.9249273727
refine_4_vertices	3936.00000000
refine_4_quads	3840.00000000
refine_4_relative_area_change	0.000821444135226
refine_8_area	11.9273778909
refine_8_vertices	15552.0000000
refine_8_quads	15360.0000000
refine_8_relative_area_change	0.000205453225551
