id	layer	region	evidence_status	pilot_importance	proposed_mechanics_role	primary_source	notes
central_forehead	superficial	forehead	cadaver_compartment_evidence	medium	separate_soft_tissue_volume_or_region	Rohrich_Pessa_2007	Do not assume same properties as cheek fat
middle_forehead	superficial	forehead	cadaver_compartment_evidence	medium	separate_soft_tissue_volume_or_region	Rohrich_Pessa_2007	Boundary relationships require source-level geometry
lateral_temporal_cheek	superficial	temple_lateral_cheek	cadaver_compartment_evidence	medium	couples_temporal_and_lateral_cheek_volume	Rohrich_Pessa_2007	Spans lateral face
nasolabial_fat	superficial	medial_cheek_nasolabial	cadaver_compartment_evidence	high	controls_nasolabial_volume_and_fold_response	Rohrich_Pessa_2007	Critical around upper-lip elevators and smile
superficial_medial_cheek	superficial	medial_cheek	cadaver_compartment_evidence	high	major_pilot_cheek_volume	Rohrich_Pessa_2007	Heavy pilot likely requires identity-specific volume
middle_cheek	superficial	cheek	cadaver_compartment_evidence	high	major_pilot_cheek_volume	Rohrich_Pessa_2007	Zygomatic region interaction
infraorbital_superficial	superficial	lower_orbit	cadaver_compartment_evidence	high	lower_lid_cheek_transition	Rohrich_Pessa_2007	Relevant to squint and tired lids
jowl_fat	superficial	lower_cheek_jaw	cadaver_compartment_evidence	high	lower_face_mass_and_jowl_motion	Rohrich_Pessa_2007	Pilot identity feature; refine superior/inferior partition if source geometry supports it
deep_medial_cheek	deep	deep_medial_cheek	cadaver_compartment_evidence	high	deep_support_for_cheek_projection	Rohrich_Pessa_Ristow_2008	Deep to upper-lip elevators
deep_lateral_cheek	deep	deep_cheek	anatomy_literature	medium	deep_support_for_cheek_projection	midface_compartment_literature	Keep provisional until source geometry is pinned
SOOF_medial	deep	suborbicularis_oculi	anatomy_literature	high	lower_orbit_padding_and_curvature	periorbital_fat_literature	Separate from superficial infraorbital fat
SOOF_lateral	deep	suborbicularis_oculi	anatomy_literature	high	lower_orbit_padding_and_curvature	periorbital_fat_literature	Separate from superficial infraorbital fat
buccal_fat_extension	deep	lateral_deep_cheek	well_established_anatomy	high	cheek_volume_sliding_and_mastication_interface	standard_face_anatomy	Do not confuse with superficial cheek fat
perioral_submuscular_fat	deep	perioral	cadaver_compartment_evidence	medium	lip_chin_support_and_curvature	Rohrich_Pessa_2009	Need subdivision from source before meshing
deep_chin_fat	deep	chin	cadaver_compartment_evidence	medium	mentalis_chin_volume_support	Rohrich_Pessa_2009	Relevant to heavy lower face
