index	actuator	anatomical_structure	side	region	current_mechanism	anatomy_status	numeric_geometry_status	mechanics_status	fat_dependency	retaining_structure_dependency	validation_target	audit_state
0	frontalis_medial_L	frontalis_medial	L	brow_forehead	pull	named_structure_supported_by_Beauty_ledger_needs_textbook_crosscheck	approximate_unvalidated_model_anchors_and_radii	heuristic_local_surface_pull	low	low	surface_displacement_and_curvature	provisional_first_pass
1	frontalis_medial_R	frontalis_medial	R	brow_forehead	pull	named_structure_supported_by_Beauty_ledger_needs_textbook_crosscheck	approximate_unvalidated_model_anchors_and_radii	heuristic_local_surface_pull	low	low	surface_displacement_and_curvature	provisional_first_pass
2	frontalis_lateral_L	frontalis_lateral	L	brow_forehead	pull	named_structure_supported_by_Beauty_ledger_needs_textbook_crosscheck	approximate_unvalidated_model_anchors_and_radii	heuristic_local_surface_pull	low	low	surface_displacement_and_curvature	provisional_first_pass
3	frontalis_lateral_R	frontalis_lateral	R	brow_forehead	pull	named_structure_supported_by_Beauty_ledger_needs_textbook_crosscheck	approximate_unvalidated_model_anchors_and_radii	heuristic_local_surface_pull	low	low	surface_displacement_and_curvature	provisional_first_pass
4	temporoparietalis_L	temporoparietalis	L	brow_forehead	pull	named_structure_supported_by_Beauty_ledger_needs_textbook_crosscheck	approximate_unvalidated_model_anchors_and_radii	heuristic_local_surface_pull	low	low	surface_displacement_and_curvature	provisional_first_pass
5	temporoparietalis_R	temporoparietalis	R	brow_forehead	pull	named_structure_supported_by_Beauty_ledger_needs_textbook_crosscheck	approximate_unvalidated_model_anchors_and_radii	heuristic_local_surface_pull	low	low	surface_displacement_and_curvature	provisional_first_pass
6	corrugator_supercilii_L	corrugator_supercilii	L	brow_forehead	pull	named_structure_supported_by_Beauty_ledger_needs_textbook_crosscheck	approximate_unvalidated_model_anchors_and_radii	heuristic_local_surface_pull	low	low	surface_displacement_and_curvature	provisional_first_pass
7	corrugator_supercilii_R	corrugator_supercilii	R	brow_forehead	pull	named_structure_supported_by_Beauty_ledger_needs_textbook_crosscheck	approximate_unvalidated_model_anchors_and_radii	heuristic_local_surface_pull	low	low	surface_displacement_and_curvature	provisional_first_pass
8	depressor_supercilii_L	depressor_supercilii	L	brow_forehead	pull	named_structure_supported_by_Beauty_ledger_needs_textbook_crosscheck	approximate_unvalidated_model_anchors_and_radii	heuristic_local_surface_pull	low	low	surface_displacement_and_curvature	provisional_first_pass
9	depressor_supercilii_R	depressor_supercilii	R	brow_forehead	pull	named_structure_supported_by_Beauty_ledger_needs_textbook_crosscheck	approximate_unvalidated_model_anchors_and_radii	heuristic_local_surface_pull	low	low	surface_displacement_and_curvature	provisional_first_pass
10	procerus	procerus	midline	brow_forehead	pull	named_structure_supported_by_Beauty_ledger_needs_textbook_crosscheck	approximate_unvalidated_model_anchors_and_radii	heuristic_local_surface_pull	low	low	surface_displacement_and_curvature	provisional_first_pass
11	orbicularis_oculi_palpebral_upper_L	orbicularis_oculi_palpebral_upper	L	orbit_eyelid	lid_upper	named_structure_supported_by_Beauty_ledger_needs_textbook_crosscheck	approximate_unvalidated_model_anchors_and_radii	heuristic_eyelid_surface_field_no_explicit_contact	medium	high	lid_aperture_contact_and_periorbital_curvature	provisional_first_pass
12	orbicularis_oculi_palpebral_upper_R	orbicularis_oculi_palpebral_upper	R	orbit_eyelid	lid_upper	named_structure_supported_by_Beauty_ledger_needs_textbook_crosscheck	approximate_unvalidated_model_anchors_and_radii	heuristic_eyelid_surface_field_no_explicit_contact	medium	high	lid_aperture_contact_and_periorbital_curvature	provisional_first_pass
13	orbicularis_oculi_palpebral_lower_L	orbicularis_oculi_palpebral_lower	L	orbit_eyelid	lid_lower	named_structure_supported_by_Beauty_ledger_needs_textbook_crosscheck	approximate_unvalidated_model_anchors_and_radii	heuristic_eyelid_surface_field_no_explicit_contact	medium	high	lid_aperture_contact_and_periorbital_curvature	provisional_first_pass
14	orbicularis_oculi_palpebral_lower_R	orbicularis_oculi_palpebral_lower	R	orbit_eyelid	lid_lower	named_structure_supported_by_Beauty_ledger_needs_textbook_crosscheck	approximate_unvalidated_model_anchors_and_radii	heuristic_eyelid_surface_field_no_explicit_contact	medium	high	lid_aperture_contact_and_periorbital_curvature	provisional_first_pass
15	orbicularis_oculi_orbital_superior_L	orbicularis_oculi_orbital_superior	L	orbit_eyelid	eye_ring	named_structure_supported_by_Beauty_ledger_needs_textbook_crosscheck	approximate_unvalidated_model_anchors_and_radii	heuristic_eyelid_surface_field_no_explicit_contact	medium	high	lid_aperture_contact_and_periorbital_curvature	provisional_first_pass
16	orbicularis_oculi_orbital_superior_R	orbicularis_oculi_orbital_superior	R	orbit_eyelid	eye_ring	named_structure_supported_by_Beauty_ledger_needs_textbook_crosscheck	approximate_unvalidated_model_anchors_and_radii	heuristic_eyelid_surface_field_no_explicit_contact	medium	high	lid_aperture_contact_and_periorbital_curvature	provisional_first_pass
17	orbicularis_oculi_orbital_inferior_L	orbicularis_oculi_orbital_inferior	L	orbit_eyelid	eye_ring	named_structure_supported_by_Beauty_ledger_needs_textbook_crosscheck	approximate_unvalidated_model_anchors_and_radii	heuristic_eyelid_surface_field_no_explicit_contact	medium	high	lid_aperture_contact_and_periorbital_curvature	provisional_first_pass
18	orbicularis_oculi_orbital_inferior_R	orbicularis_oculi_orbital_inferior	R	orbit_eyelid	eye_ring	named_structure_supported_by_Beauty_ledger_needs_textbook_crosscheck	approximate_unvalidated_model_anchors_and_radii	heuristic_eyelid_surface_field_no_explicit_contact	medium	high	lid_aperture_contact_and_periorbital_curvature	provisional_first_pass
19	levator_palpebrae_superioris_L	levator_palpebrae_superioris	L	orbit_eyelid	lid_raise	named_structure_supported_by_Beauty_ledger_needs_textbook_crosscheck	approximate_unvalidated_model_anchors_and_radii	heuristic_eyelid_surface_field_no_explicit_contact	medium	high	lid_aperture_contact_and_periorbital_curvature	provisional_first_pass
20	levator_palpebrae_superioris_R	levator_palpebrae_superioris	R	orbit_eyelid	lid_raise	named_structure_supported_by_Beauty_ledger_needs_textbook_crosscheck	approximate_unvalidated_model_anchors_and_radii	heuristic_eyelid_surface_field_no_explicit_contact	medium	high	lid_aperture_contact_and_periorbital_curvature	provisional_first_pass
21	nasalis_transverse_L	nasalis_transverse	L	nose_upper_lip	pull	named_structure_supported_by_Beauty_ledger_needs_textbook_crosscheck	approximate_unvalidated_model_anchors_and_radii	heuristic_local_surface_pull	medium	medium	surface_displacement_and_curvature	provisional_first_pass
22	nasalis_transverse_R	nasalis_transverse	R	nose_upper_lip	pull	named_structure_supported_by_Beauty_ledger_needs_textbook_crosscheck	approximate_unvalidated_model_anchors_and_radii	heuristic_local_surface_pull	medium	medium	surface_displacement_and_curvature	provisional_first_pass
23	nasalis_alar_L	nasalis_alar	L	nose_upper_lip	pull	named_structure_supported_by_Beauty_ledger_needs_textbook_crosscheck	approximate_unvalidated_model_anchors_and_radii	heuristic_local_surface_pull	medium	medium	surface_displacement_and_curvature	provisional_first_pass
24	nasalis_alar_R	nasalis_alar	R	nose_upper_lip	pull	named_structure_supported_by_Beauty_ledger_needs_textbook_crosscheck	approximate_unvalidated_model_anchors_and_radii	heuristic_local_surface_pull	medium	medium	surface_displacement_and_curvature	provisional_first_pass
25	depressor_septi_nasi	depressor_septi_nasi	midline	nose_upper_lip	pull	named_structure_supported_by_Beauty_ledger_needs_textbook_crosscheck	approximate_unvalidated_model_anchors_and_radii	heuristic_local_surface_pull	medium	medium	surface_displacement_and_curvature	provisional_first_pass
26	levator_labii_superioris_alaeque_nasi_L	levator_labii_superioris_alaeque_nasi	L	nose_upper_lip	pull	named_structure_supported_by_Beauty_ledger_needs_textbook_crosscheck	approximate_unvalidated_model_anchors_and_radii	heuristic_local_surface_pull	medium	medium	surface_displacement_and_curvature	provisional_first_pass
27	levator_labii_superioris_alaeque_nasi_R	levator_labii_superioris_alaeque_nasi	R	nose_upper_lip	pull	named_structure_supported_by_Beauty_ledger_needs_textbook_crosscheck	approximate_unvalidated_model_anchors_and_radii	heuristic_local_surface_pull	medium	medium	surface_displacement_and_curvature	provisional_first_pass
28	levator_labii_superioris_L	levator_labii_superioris	L	cheek_mouth_corner	pull	named_structure_supported_by_Beauty_ledger_needs_textbook_crosscheck	approximate_unvalidated_model_anchors_and_radii	heuristic_local_surface_pull	high	high	surface_displacement_and_curvature	provisional_first_pass
29	levator_labii_superioris_R	levator_labii_superioris	R	cheek_mouth_corner	pull	named_structure_supported_by_Beauty_ledger_needs_textbook_crosscheck	approximate_unvalidated_model_anchors_and_radii	heuristic_local_surface_pull	high	high	surface_displacement_and_curvature	provisional_first_pass
30	zygomaticus_minor_L	zygomaticus_minor	L	cheek_mouth_corner	pull	named_structure_supported_by_Beauty_ledger_needs_textbook_crosscheck	approximate_unvalidated_model_anchors_and_radii	heuristic_local_surface_pull	high	high	surface_displacement_and_curvature	provisional_first_pass
31	zygomaticus_minor_R	zygomaticus_minor	R	cheek_mouth_corner	pull	named_structure_supported_by_Beauty_ledger_needs_textbook_crosscheck	approximate_unvalidated_model_anchors_and_radii	heuristic_local_surface_pull	high	high	surface_displacement_and_curvature	provisional_first_pass
32	zygomaticus_major_L	zygomaticus_major	L	cheek_mouth_corner	modiolus	named_structure_supported_by_Beauty_ledger_needs_textbook_crosscheck	approximate_unvalidated_model_anchors_and_radii	heuristic_modiolus_coupling	high	high	surface_displacement_and_curvature	provisional_first_pass
33	zygomaticus_major_R	zygomaticus_major	R	cheek_mouth_corner	modiolus	named_structure_supported_by_Beauty_ledger_needs_textbook_crosscheck	approximate_unvalidated_model_anchors_and_radii	heuristic_modiolus_coupling	high	high	surface_displacement_and_curvature	provisional_first_pass
34	levator_anguli_oris_L	levator_anguli_oris	L	cheek_mouth_corner	modiolus	named_structure_supported_by_Beauty_ledger_needs_textbook_crosscheck	approximate_unvalidated_model_anchors_and_radii	heuristic_modiolus_coupling	high	high	surface_displacement_and_curvature	provisional_first_pass
35	levator_anguli_oris_R	levator_anguli_oris	R	cheek_mouth_corner	modiolus	named_structure_supported_by_Beauty_ledger_needs_textbook_crosscheck	approximate_unvalidated_model_anchors_and_radii	heuristic_modiolus_coupling	high	high	surface_displacement_and_curvature	provisional_first_pass
36	risorius_L	risorius	L	cheek_mouth_corner	modiolus	named_structure_supported_by_Beauty_ledger_needs_textbook_crosscheck	approximate_unvalidated_model_anchors_and_radii	heuristic_modiolus_coupling	high	high	surface_displacement_and_curvature	provisional_first_pass
37	risorius_R	risorius	R	cheek_mouth_corner	modiolus	named_structure_supported_by_Beauty_ledger_needs_textbook_crosscheck	approximate_unvalidated_model_anchors_and_radii	heuristic_modiolus_coupling	high	high	surface_displacement_and_curvature	provisional_first_pass
38	buccinator_L	buccinator	L	cheek_mouth_corner	cheek_compress	named_structure_supported_by_Beauty_ledger_needs_textbook_crosscheck	approximate_unvalidated_model_anchors_and_radii	heuristic_cheek_surface_compression	high	high	surface_displacement_and_curvature	provisional_first_pass
39	buccinator_R	buccinator	R	cheek_mouth_corner	cheek_compress	named_structure_supported_by_Beauty_ledger_needs_textbook_crosscheck	approximate_unvalidated_model_anchors_and_radii	heuristic_cheek_surface_compression	high	high	surface_displacement_and_curvature	provisional_first_pass
40	orbicularis_oris_upper_medial_L	orbicularis_oris_upper_medial	L	perioral_chin	lip_ring	named_structure_supported_by_Beauty_ledger_needs_textbook_crosscheck	approximate_unvalidated_model_anchors_and_radii	heuristic_circumferential_surface_field	medium	medium	surface_displacement_and_curvature	provisional_first_pass
41	orbicularis_oris_upper_medial_R	orbicularis_oris_upper_medial	R	perioral_chin	lip_ring	named_structure_supported_by_Beauty_ledger_needs_textbook_crosscheck	approximate_unvalidated_model_anchors_and_radii	heuristic_circumferential_surface_field	medium	medium	surface_displacement_and_curvature	provisional_first_pass
42	orbicularis_oris_upper_lateral_L	orbicularis_oris_upper_lateral	L	perioral_chin	lip_ring	named_structure_supported_by_Beauty_ledger_needs_textbook_crosscheck	approximate_unvalidated_model_anchors_and_radii	heuristic_circumferential_surface_field	medium	medium	surface_displacement_and_curvature	provisional_first_pass
43	orbicularis_oris_upper_lateral_R	orbicularis_oris_upper_lateral	R	perioral_chin	lip_ring	named_structure_supported_by_Beauty_ledger_needs_textbook_crosscheck	approximate_unvalidated_model_anchors_and_radii	heuristic_circumferential_surface_field	medium	medium	surface_displacement_and_curvature	provisional_first_pass
44	orbicularis_oris_lower_medial_L	orbicularis_oris_lower_medial	L	perioral_chin	lip_ring	named_structure_supported_by_Beauty_ledger_needs_textbook_crosscheck	approximate_unvalidated_model_anchors_and_radii	heuristic_circumferential_surface_field	medium	medium	surface_displacement_and_curvature	provisional_first_pass
45	orbicularis_oris_lower_medial_R	orbicularis_oris_lower_medial	R	perioral_chin	lip_ring	named_structure_supported_by_Beauty_ledger_needs_textbook_crosscheck	approximate_unvalidated_model_anchors_and_radii	heuristic_circumferential_surface_field	medium	medium	surface_displacement_and_curvature	provisional_first_pass
46	orbicularis_oris_lower_lateral_L	orbicularis_oris_lower_lateral	L	perioral_chin	lip_ring	named_structure_supported_by_Beauty_ledger_needs_textbook_crosscheck	approximate_unvalidated_model_anchors_and_radii	heuristic_circumferential_surface_field	medium	medium	surface_displacement_and_curvature	provisional_first_pass
47	orbicularis_oris_lower_lateral_R	orbicularis_oris_lower_lateral	R	perioral_chin	lip_ring	named_structure_supported_by_Beauty_ledger_needs_textbook_crosscheck	approximate_unvalidated_model_anchors_and_radii	heuristic_circumferential_surface_field	medium	medium	surface_displacement_and_curvature	provisional_first_pass
48	depressor_anguli_oris_L	depressor_anguli_oris	L	perioral_chin	modiolus	named_structure_supported_by_Beauty_ledger_needs_textbook_crosscheck	approximate_unvalidated_model_anchors_and_radii	heuristic_modiolus_coupling	medium	medium	surface_displacement_and_curvature	provisional_first_pass
49	depressor_anguli_oris_R	depressor_anguli_oris	R	perioral_chin	modiolus	named_structure_supported_by_Beauty_ledger_needs_textbook_crosscheck	approximate_unvalidated_model_anchors_and_radii	heuristic_modiolus_coupling	medium	medium	surface_displacement_and_curvature	provisional_first_pass
50	depressor_labii_inferioris_L	depressor_labii_inferioris	L	perioral_chin	pull	named_structure_supported_by_Beauty_ledger_needs_textbook_crosscheck	approximate_unvalidated_model_anchors_and_radii	heuristic_local_surface_pull	medium	medium	surface_displacement_and_curvature	provisional_first_pass
51	depressor_labii_inferioris_R	depressor_labii_inferioris	R	perioral_chin	pull	named_structure_supported_by_Beauty_ledger_needs_textbook_crosscheck	approximate_unvalidated_model_anchors_and_radii	heuristic_local_surface_pull	medium	medium	surface_displacement_and_curvature	provisional_first_pass
52	mentalis_L	mentalis	L	perioral_chin	mentalis	named_structure_supported_by_Beauty_ledger_needs_textbook_crosscheck	approximate_unvalidated_model_anchors_and_radii	heuristic_surface_field	medium	medium	surface_displacement_and_curvature	provisional_first_pass
53	mentalis_R	mentalis	R	perioral_chin	mentalis	named_structure_supported_by_Beauty_ledger_needs_textbook_crosscheck	approximate_unvalidated_model_anchors_and_radii	heuristic_surface_field	medium	medium	surface_displacement_and_curvature	provisional_first_pass
54	platysma_mandibular_L	platysma_mandibular	L	jawline_neck	pull	named_structure_supported_by_Beauty_ledger_needs_textbook_crosscheck	approximate_unvalidated_model_anchors_and_radii	heuristic_local_surface_pull	medium	high	surface_displacement_and_curvature	provisional_first_pass
55	platysma_mandibular_R	platysma_mandibular	R	jawline_neck	pull	named_structure_supported_by_Beauty_ledger_needs_textbook_crosscheck	approximate_unvalidated_model_anchors_and_radii	heuristic_local_surface_pull	medium	high	surface_displacement_and_curvature	provisional_first_pass
56	platysma_lower_lip_L	platysma_lower_lip	L	jawline_neck	modiolus	named_structure_supported_by_Beauty_ledger_needs_textbook_crosscheck	approximate_unvalidated_model_anchors_and_radii	heuristic_modiolus_coupling	medium	high	surface_displacement_and_curvature	provisional_first_pass
57	platysma_lower_lip_R	platysma_lower_lip	R	jawline_neck	modiolus	named_structure_supported_by_Beauty_ledger_needs_textbook_crosscheck	approximate_unvalidated_model_anchors_and_radii	heuristic_modiolus_coupling	medium	high	surface_displacement_and_curvature	provisional_first_pass
58	masseter_superficial_L	masseter_superficial	L	mastication	bulge	named_structure_supported_by_Beauty_ledger_needs_textbook_crosscheck	approximate_unvalidated_model_anchors_and_radii	heuristic_surface_bulge_not_volumetric_muscle	medium	low	surface_displacement_and_curvature	provisional_first_pass
59	masseter_superficial_R	masseter_superficial	R	mastication	bulge	named_structure_supported_by_Beauty_ledger_needs_textbook_crosscheck	approximate_unvalidated_model_anchors_and_radii	heuristic_surface_bulge_not_volumetric_muscle	medium	low	surface_displacement_and_curvature	provisional_first_pass
60	masseter_intermediate_L	masseter_intermediate	L	mastication	bulge	named_structure_supported_by_Beauty_ledger_needs_textbook_crosscheck	approximate_unvalidated_model_anchors_and_radii	heuristic_surface_bulge_not_volumetric_muscle	medium	low	surface_displacement_and_curvature	provisional_first_pass
61	masseter_intermediate_R	masseter_intermediate	R	mastication	bulge	named_structure_supported_by_Beauty_ledger_needs_textbook_crosscheck	approximate_unvalidated_model_anchors_and_radii	heuristic_surface_bulge_not_volumetric_muscle	medium	low	surface_displacement_and_curvature	provisional_first_pass
62	masseter_deep_L	masseter_deep	L	mastication	bulge	named_structure_supported_by_Beauty_ledger_needs_textbook_crosscheck	approximate_unvalidated_model_anchors_and_radii	heuristic_surface_bulge_not_volumetric_muscle	medium	low	surface_displacement_and_curvature	provisional_first_pass
63	masseter_deep_R	masseter_deep	R	mastication	bulge	named_structure_supported_by_Beauty_ledger_needs_textbook_crosscheck	approximate_unvalidated_model_anchors_and_radii	heuristic_surface_bulge_not_volumetric_muscle	medium	low	surface_displacement_and_curvature	provisional_first_pass
64	temporalis_anterior_L	temporalis_anterior	L	mastication	bulge	named_structure_supported_by_Beauty_ledger_needs_textbook_crosscheck	approximate_unvalidated_model_anchors_and_radii	heuristic_surface_bulge_not_volumetric_muscle	medium	low	surface_displacement_and_curvature	provisional_first_pass
65	temporalis_anterior_R	temporalis_anterior	R	mastication	bulge	named_structure_supported_by_Beauty_ledger_needs_textbook_crosscheck	approximate_unvalidated_model_anchors_and_radii	heuristic_surface_bulge_not_volumetric_muscle	medium	low	surface_displacement_and_curvature	provisional_first_pass
66	temporalis_middle_L	temporalis_middle	L	mastication	bulge	named_structure_supported_by_Beauty_ledger_needs_textbook_crosscheck	approximate_unvalidated_model_anchors_and_radii	heuristic_surface_bulge_not_volumetric_muscle	medium	low	surface_displacement_and_curvature	provisional_first_pass
67	temporalis_middle_R	temporalis_middle	R	mastication	bulge	named_structure_supported_by_Beauty_ledger_needs_textbook_crosscheck	approximate_unvalidated_model_anchors_and_radii	heuristic_surface_bulge_not_volumetric_muscle	medium	low	surface_displacement_and_curvature	provisional_first_pass
68	temporalis_posterior_L	temporalis_posterior	L	mastication	bulge	named_structure_supported_by_Beauty_ledger_needs_textbook_crosscheck	approximate_unvalidated_model_anchors_and_radii	heuristic_surface_bulge_not_volumetric_muscle	medium	low	surface_displacement_and_curvature	provisional_first_pass
69	temporalis_posterior_R	temporalis_posterior	R	mastication	bulge	named_structure_supported_by_Beauty_ledger_needs_textbook_crosscheck	approximate_unvalidated_model_anchors_and_radii	heuristic_surface_bulge_not_volumetric_muscle	medium	low	surface_displacement_and_curvature	provisional_first_pass
70	medial_pterygoid_superficial_L	medial_pterygoid_superficial	L	mastication	skeletal	named_structure_supported_by_Beauty_ledger_needs_textbook_crosscheck	approximate_unvalidated_model_anchors_and_radii	heuristic_kinematic_drive_not_validated_torque_or_contact	medium	low	mandible_pose_and_surface_response	provisional_first_pass
71	medial_pterygoid_superficial_R	medial_pterygoid_superficial	R	mastication	skeletal	named_structure_supported_by_Beauty_ledger_needs_textbook_crosscheck	approximate_unvalidated_model_anchors_and_radii	heuristic_kinematic_drive_not_validated_torque_or_contact	medium	low	mandible_pose_and_surface_response	provisional_first_pass
72	medial_pterygoid_deep_L	medial_pterygoid_deep	L	mastication	skeletal	named_structure_supported_by_Beauty_ledger_needs_textbook_crosscheck	approximate_unvalidated_model_anchors_and_radii	heuristic_kinematic_drive_not_validated_torque_or_contact	medium	low	mandible_pose_and_surface_response	provisional_first_pass
73	medial_pterygoid_deep_R	medial_pterygoid_deep	R	mastication	skeletal	named_structure_supported_by_Beauty_ledger_needs_textbook_crosscheck	approximate_unvalidated_model_anchors_and_radii	heuristic_kinematic_drive_not_validated_torque_or_contact	medium	low	mandible_pose_and_surface_response	provisional_first_pass
74	lateral_pterygoid_superior_L	lateral_pterygoid_superior	L	mastication	skeletal	named_structure_supported_by_Beauty_ledger_needs_textbook_crosscheck	approximate_unvalidated_model_anchors_and_radii	heuristic_kinematic_drive_not_validated_torque_or_contact	medium	low	mandible_pose_and_surface_response	provisional_first_pass
75	lateral_pterygoid_superior_R	lateral_pterygoid_superior	R	mastication	skeletal	named_structure_supported_by_Beauty_ledger_needs_textbook_crosscheck	approximate_unvalidated_model_anchors_and_radii	heuristic_kinematic_drive_not_validated_torque_or_contact	medium	low	mandible_pose_and_surface_response	provisional_first_pass
76	lateral_pterygoid_inferior_L	lateral_pterygoid_inferior	L	mastication	skeletal	named_structure_supported_by_Beauty_ledger_needs_textbook_crosscheck	approximate_unvalidated_model_anchors_and_radii	heuristic_kinematic_drive_not_validated_torque_or_contact	medium	low	mandible_pose_and_surface_response	provisional_first_pass
77	lateral_pterygoid_inferior_R	lateral_pterygoid_inferior	R	mastication	skeletal	named_structure_supported_by_Beauty_ledger_needs_textbook_crosscheck	approximate_unvalidated_model_anchors_and_radii	heuristic_kinematic_drive_not_validated_torque_or_contact	medium	low	mandible_pose_and_surface_response	provisional_first_pass
78	digastric_anterior_L	digastric_anterior	L	hyoid_floor_neck	hyoid	named_structure_supported_by_Beauty_ledger_needs_textbook_crosscheck	approximate_unvalidated_model_anchors_and_radii	heuristic_kinematic_drive_not_validated_torque_or_contact	low	low	hyoid_mandible_coupling_and_submental_surface	provisional_first_pass
79	digastric_anterior_R	digastric_anterior	R	hyoid_floor_neck	hyoid	named_structure_supported_by_Beauty_ledger_needs_textbook_crosscheck	approximate_unvalidated_model_anchors_and_radii	heuristic_kinematic_drive_not_validated_torque_or_contact	low	low	hyoid_mandible_coupling_and_submental_surface	provisional_first_pass
80	digastric_posterior_L	digastric_posterior	L	hyoid_floor_neck	hyoid	named_structure_supported_by_Beauty_ledger_needs_textbook_crosscheck	approximate_unvalidated_model_anchors_and_radii	heuristic_kinematic_drive_not_validated_torque_or_contact	low	low	hyoid_mandible_coupling_and_submental_surface	provisional_first_pass
81	digastric_posterior_R	digastric_posterior	R	hyoid_floor_neck	hyoid	named_structure_supported_by_Beauty_ledger_needs_textbook_crosscheck	approximate_unvalidated_model_anchors_and_radii	heuristic_kinematic_drive_not_validated_torque_or_contact	low	low	hyoid_mandible_coupling_and_submental_surface	provisional_first_pass
82	mylohyoid_L	mylohyoid	L	hyoid_floor_neck	hyoid	named_structure_supported_by_Beauty_ledger_needs_textbook_crosscheck	approximate_unvalidated_model_anchors_and_radii	heuristic_kinematic_drive_not_validated_torque_or_contact	low	low	hyoid_mandible_coupling_and_submental_surface	provisional_first_pass
83	mylohyoid_R	mylohyoid	R	hyoid_floor_neck	hyoid	named_structure_supported_by_Beauty_ledger_needs_textbook_crosscheck	approximate_unvalidated_model_anchors_and_radii	heuristic_kinematic_drive_not_validated_torque_or_contact	low	low	hyoid_mandible_coupling_and_submental_surface	provisional_first_pass
84	geniohyoid_L	geniohyoid	L	hyoid_floor_neck	hyoid	named_structure_supported_by_Beauty_ledger_needs_textbook_crosscheck	approximate_unvalidated_model_anchors_and_radii	heuristic_kinematic_drive_not_validated_torque_or_contact	low	low	hyoid_mandible_coupling_and_submental_surface	provisional_first_pass
85	geniohyoid_R	geniohyoid	R	hyoid_floor_neck	hyoid	named_structure_supported_by_Beauty_ledger_needs_textbook_crosscheck	approximate_unvalidated_model_anchors_and_radii	heuristic_kinematic_drive_not_validated_torque_or_contact	low	low	hyoid_mandible_coupling_and_submental_surface	provisional_first_pass
86	stylohyoid_L	stylohyoid	L	hyoid_floor_neck	hyoid	named_structure_supported_by_Beauty_ledger_needs_textbook_crosscheck	approximate_unvalidated_model_anchors_and_radii	heuristic_kinematic_drive_not_validated_torque_or_contact	low	low	hyoid_mandible_coupling_and_submental_surface	provisional_first_pass
87	stylohyoid_R	stylohyoid	R	hyoid_floor_neck	hyoid	named_structure_supported_by_Beauty_ledger_needs_textbook_crosscheck	approximate_unvalidated_model_anchors_and_radii	heuristic_kinematic_drive_not_validated_torque_or_contact	low	low	hyoid_mandible_coupling_and_submental_surface	provisional_first_pass
88	sternohyoid_L	sternohyoid	L	hyoid_floor_neck	hyoid	named_structure_supported_by_Beauty_ledger_needs_textbook_crosscheck	approximate_unvalidated_model_anchors_and_radii	heuristic_kinematic_drive_not_validated_torque_or_contact	low	low	hyoid_mandible_coupling_and_submental_surface	provisional_first_pass
89	sternohyoid_R	sternohyoid	R	hyoid_floor_neck	hyoid	named_structure_supported_by_Beauty_ledger_needs_textbook_crosscheck	approximate_unvalidated_model_anchors_and_radii	heuristic_kinematic_drive_not_validated_torque_or_contact	low	low	hyoid_mandible_coupling_and_submental_surface	provisional_first_pass
90	omohyoid_superior_L	omohyoid_superior	L	hyoid_floor_neck	hyoid	named_structure_supported_by_Beauty_ledger_needs_textbook_crosscheck	approximate_unvalidated_model_anchors_and_radii	heuristic_kinematic_drive_not_validated_torque_or_contact	low	low	hyoid_mandible_coupling_and_submental_surface	provisional_first_pass
91	omohyoid_superior_R	omohyoid_superior	R	hyoid_floor_neck	hyoid	named_structure_supported_by_Beauty_ledger_needs_textbook_crosscheck	approximate_unvalidated_model_anchors_and_radii	heuristic_kinematic_drive_not_validated_torque_or_contact	low	low	hyoid_mandible_coupling_and_submental_surface	provisional_first_pass
92	sternothyroid_L	sternothyroid	L	hyoid_floor_neck	hyoid	named_structure_supported_by_Beauty_ledger_needs_textbook_crosscheck	approximate_unvalidated_model_anchors_and_radii	heuristic_kinematic_drive_not_validated_torque_or_contact	low	low	hyoid_mandible_coupling_and_submental_surface	provisional_first_pass
93	sternothyroid_R	sternothyroid	R	hyoid_floor_neck	hyoid	named_structure_supported_by_Beauty_ledger_needs_textbook_crosscheck	approximate_unvalidated_model_anchors_and_radii	heuristic_kinematic_drive_not_validated_torque_or_contact	low	low	hyoid_mandible_coupling_and_submental_surface	provisional_first_pass
94	thyrohyoid_L	thyrohyoid	L	hyoid_floor_neck	hyoid	named_structure_supported_by_Beauty_ledger_needs_textbook_crosscheck	approximate_unvalidated_model_anchors_and_radii	heuristic_kinematic_drive_not_validated_torque_or_contact	low	low	hyoid_mandible_coupling_and_submental_surface	provisional_first_pass
95	thyrohyoid_R	thyrohyoid	R	hyoid_floor_neck	hyoid	named_structure_supported_by_Beauty_ledger_needs_textbook_crosscheck	approximate_unvalidated_model_anchors_and_radii	heuristic_kinematic_drive_not_validated_torque_or_contact	low	low	hyoid_mandible_coupling_and_submental_surface	provisional_first_pass
96	auricularis_anterior_L	auricularis_anterior	L	ear	pull	named_structure_supported_by_Beauty_ledger_needs_textbook_crosscheck	approximate_unvalidated_model_anchors_and_radii	heuristic_local_surface_pull	low	low	surface_displacement_and_curvature	provisional_first_pass
97	auricularis_anterior_R	auricularis_anterior	R	ear	pull	named_structure_supported_by_Beauty_ledger_needs_textbook_crosscheck	approximate_unvalidated_model_anchors_and_radii	heuristic_local_surface_pull	low	low	surface_displacement_and_curvature	provisional_first_pass
98	auricularis_superior_L	auricularis_superior	L	ear	pull	named_structure_supported_by_Beauty_ledger_needs_textbook_crosscheck	approximate_unvalidated_model_anchors_and_radii	heuristic_local_surface_pull	low	low	surface_displacement_and_curvature	provisional_first_pass
99	auricularis_superior_R	auricularis_superior	R	ear	pull	named_structure_supported_by_Beauty_ledger_needs_textbook_crosscheck	approximate_unvalidated_model_anchors_and_radii	heuristic_local_surface_pull	low	low	surface_displacement_and_curvature	provisional_first_pass
100	auricularis_posterior_L	auricularis_posterior	L	ear	pull	named_structure_supported_by_Beauty_ledger_needs_textbook_crosscheck	approximate_unvalidated_model_anchors_and_radii	heuristic_local_surface_pull	low	low	surface_displacement_and_curvature	provisional_first_pass
101	auricularis_posterior_R	auricularis_posterior	R	ear	pull	named_structure_supported_by_Beauty_ledger_needs_textbook_crosscheck	approximate_unvalidated_model_anchors_and_radii	heuristic_local_surface_pull	low	low	surface_displacement_and_curvature	provisional_first_pass
